<?xml version="1.0" encoding="utf-8"?>
<extension type="component" version="3.4.0" method="upgrade">
	<name>COM_EVENTS</name>
	<creationDate>2014-12-16</creationDate>
	<author>ZoR Systems</author>
	<authorEmail>info@zor.systems</authorEmail>
	<authorUrl>http://zor.systems</authorUrl>
	<copyright>ZoR Systems, 2014-2015</copyright>
	<license>GPL v2.0</license>
	<version>1.1.0</version>
	<description>COM_EVENTS_DESCRIPTION</description>
	
	<install>
  		<sql>
    		<file charset="utf8" driver="mysql">install.mysql.sql</file>
  		</sql>
	</install>
	
	<update> <!-- Runs on update; New since J2.5 -->
		<schemas>
			<schemapath type="mysql">sql/updates/mysql/</schemapath>
		</schemas>
	</update>
	
	<files folder="site">
		<folder>assets</folder>
		<folder>controllers</folder>
		<folder>helpers</folder>
		<folder>ipn</folder>
		<folder>language</folder>
		<folder>models</folder>
		<folder>views</folder>
		<filename>index.html</filename>
		<filename>events.php</filename>
		<filename>router.php</filename>
	</files> 

	<scriptfile>install.php</scriptfile>
	
	<languages folder="site">
		<language tag="en-GB">language/en-GB/en-GB.com_events.ini</language>
	</languages>
	
	<administration>
		<files folder="admin">
			<folder>controllers</folder>
			<folder>language</folder>
			<folder>models</folder>
			<folder>helpers</folder>
			<folder>views</folder>
			<folder>sql</folder>
			<folder>tables</folder>
			<filename>events.php</filename>
			<filename>index.html</filename>
			<filename>config.xml</filename>
			<filename>access.xml</filename>
			<filename>install.mysql.sql</filename>
		</files>  
		
		<submenu>
			<!--
				Note that all & must be escaped to &amp; for the file to be valid
				XML and be parsed by the installer
			-->
			<menu link="option=com_events" view="events" img="class:events"
				alt="Events/Home">com_events_home</menu>
			<menu link="option=com_categories&amp;extension=com_events"
				view="categories" img="class:events-categories" alt="Events/Categories">com_events_categories</menu>
			<menu link="option=com_events&amp;view=competitions" 
				view="competitions" img="class:competitions" alt="Events/Competitions">com_events_competitions</menu>
			<menu link="option=com_events&amp;view=events" 
				view="events" img="class:events" alt="Events/Events">com_events_events</menu>
			<menu link="option=com_events&amp;view=players" 
				view="players" img="class:events-players" alt="Events/Players">com_events_players</menu>
			<menu link="option=com_events&amp;view=shop" 
				view="shop" img="class:events-shop" alt="Events/Shop">com_events_shop</menu>
			<menu link="option=com_events&amp;view=items" 
				view="items" img="class:events-stores" alt="Events/Shop/Items">com_events_shop_items</menu>
			<menu link="option=com_events&amp;view=stores" 
				view="stores" img="class:events-stores" alt="Events/Shop/Stores">com_events_shop_stores</menu>
			<menu link="option=com_events&amp;view=teams" 
				view="teams" img="class:events-teams" alt="Events/Players">com_events_teams</menu>
		</submenu>
		
		<languages folder="admin">
			<language tag="en-GB">language/en-GB/en-GB.com_events.ini</language>
			<language tag="en-GB">language/en-GB/en-GB.com_events.sys.ini</language>
		</languages>
		
		<menu>COM_EVENTS</menu>
	</administration>
</extension>