<?xml version="1.0" encoding="utf-8"?>
<extension type="component" version="3.3.0" method="upgrade">
	<name>COM_EVENTS</name>
	<creationDate>2014-12-16</creationDate>
	<author>Daniel Johnson</author>
	<authorEmail>shadowreaper@shadowreaper.net</authorEmail>
	<authorUrl>http://www.shadowreaper.net</authorUrl>
	<copyright>Daniel Johnson, 2014</copyright>
	<license>GPL v2.0</license>
	<version>0.0.1</version>
	<description>COM_EVENTS_DESCRIPTION</description>
	
	<!--<install>
  		<sql>
    		<file charset="utf8" driver="mysql">install.mysql.sql</file>
  		</sql>
	</install>-->
	
	<update> <!-- Runs on update; New since J2.5 -->
		<schemas>
			<schemapath type="mysql">sql/updates/mysql/</schemapath>
		</schemas>
	</update>
	
	<files folder="site">
		<folder>assets</folder>
		<folder>controllers</folder>
		<folder>helpers</folder>
		<folder>language</folder>
		<folder>models</folder>
		<folder>views</folder>
		<filename>index.html</filename>
		<filename>events.php</filename>
	</files> 

	<scriptfile>install.php</scriptfile>
	
	<languages folder="site">
		<language tag="en-GB">language/en-GB/en-GB.com_events.ini</language>
	</languages>
	
	<administration>
		<files folder="admin">
			<folder>controllers</folder>
			<folder>language</folder>
			<folder>models</folder>
			<folder>views</folder>
			<folder>sql</folder>
			<filename>events.php</filename>
			<filename>index.html</filename>
			<filename>config.xml</filename>
			<filename>install.mysql.sql</filename>
		</files>  
	
		
		<languages folder="admin">
			<language tag="en-GB">language/en-GB/en-GB.com_events.ini</language>
			<language tag="en-GB">language/en-GB/en-GB.com_events.sys.ini</language>
		</languages>
		
		<menu>COM_EVENTS</menu>
	</administration>
</extension>