<?xml version="1.0" encoding="utf-8"?>
<extension type="module" version="3.1.0" client="site" method="upgrade">
    <name>MOD_LAN_EVENT_SUMMARY_TITLE</name>
    <author>Daniel Johnson</author>
    <version>1.0.0</version>
    <description>A module to show the next event with the LAN Party! component.</description>
    <files>
        <filename>mod_lan_event_summary.xml</filename>
        <filename module="mod_lan_event_summary">mod_lan_event_summary.php</filename>
        <filename>index.html</filename>
        <filename>helper.php</filename>
		<folder>tmpl</folder>
		<folder>language</folder>
    </files>
	<languages>
		<language tag="en-GB">language/en-GB/en-GB.mod_lan_event_summary.ini</language>
		<language tag="en-GB">language/en-GB/en-GB.mod_lan_event_summary.sys.ini</language>
	</languages>
    <config>
    </config>
</extension>